word,pronunciation,part_of_speech,definition
puma,'pju:mә,n.,美洲狮
spot,spɔt,v.,看出，发现
evidence,'evidәns,n.,证据
accumulate,ә'kju:mjuleit,v.,积累，积聚
oblige,ә'blaidʒ,v.,使…感到必须
hunt,hʌnt,n.,追猎；寻找；v.打猎
blackberry,'blækbәri,n.,黑莓
corner,'kɔ:nә,v.,使走投无路，使陷入困境；n.角落
trail,treil,n.,一串，一系列
print,print,n.,印痕
cling,kliŋ,v.,粘
convince,kәn'vins,v.,使…信服
somehow,'sʌmhau,ad.,不知怎么搞的，不知什么原因
disturb,dis'tә:b,v.,令人不安
equal,'i:kwәl,v.,等于
vicar,'vikә,n.,牧师
raise,'reiz,v.,募集，筹(款)
torchlight,'tɔ:tʃlait,n.,电筒光
goddess,'gɔdis,n.,女神
archaeologist,'a:kiә'lɔdʒist,n.,考古学家
aegean,i:'dʒi:әn,a.,爱琴海的
explore,iks'plɔ:,v.,考察，勘探
promontory,'prɔmәntәri,n.,海角
prosperous,'prɔspәrәs,a.,(经济上)繁荣的，昌盛的
civilization,'sivilai'zeiʃәn,n.,文明
storey,'stɔ:ri,n.,楼层
drainage,'dreinidʒ,n.,排水
worship,'wә:ʃip,n.,祟拜
sacred,'seikrid,a.,宗教的，神圣的
fragment,'frægmәnt,n.,碎片
remains,ri'meinz,n.,遗物，遗迹，废墟
classical,'klæsikәl,a.,(希腊和罗马)古文化的
reconstruct,'ri:kәns'trʌkt,v.,修复
rest,rest,v.,倚放，放置
hip,hip,n.,屁股，臀部
graceful,'greisful,a.,优雅的
identity,ai'dentiti,n.,身份
manual,'mænjuәl,a.,体力的
collar,'kɔlә,n.,衣领
sacrifice,'sækrifais,v.,牺牲，献出
privilege,'privilidʒ,n.,好处，特权
dustman,'dʌstmәn,n.,清洁工
corporation,'kɔ:pә'reiʃәn,n.,公司
shower,"'ʃәuә, 'ʃauә",n.,淋浴
secret,'si:krit,n.,秘密
status,'steitәs,n.,地位
editor,'editә,n.,编辑
extreme,iks'tri:m,n.,极端
statistics,stә'tistiks,n.,统计数字
journalist,'dʒә:nәlist,n.,新闻记者
president,'prezidәnt,n.,总统
palace,'pælis,n.,王宫；宏伟的住宅
publish,'pʌbliʃ,v.,出版
fax,fæks,n.,传真
impatient,im'peiʃәnt,a.,不耐烦的
fire,'faiә,v.,解雇
originally,ә'ridʒәnәli,ad.,起初，原先，从前
arcade,a:'keid,n.,有拱廊的街道(两旁常设商店)
Piccadilly,pikә'dili,n.,皮卡迪利大街（伦敦市中心一条著名的街道）
necklace,'neklis,n.,项链
ring,riŋ,n.,戒指；环形物
background,'bækgraund,n.,背景
velvet,'velvit,n.,天鹅绒，丝绒
headlight,'hedlait,n.,(汽车等)前灯
blare,blєә,v.,发嘟嘟声，吼叫
staff,sta:f,n.,全体工作人员
raid,reid,n.,偷袭
scramble,'skræmbl,v.,爬行
fantastic,fæn'tæstik,a.,非常大的
ashtray,'æʃtrei,n.,烟灰缸
mutilate,'mju:tileit,v.,使残缺不全，毁坏
chew,tʃu:,v.,咀嚼
microwave,'maikrәweiv,n.,微波，微波炉
oven,'ʌvn,n.,炉灶
safekeeping,'seif'ki:piŋ,n.,妥善保管
Newcastle,'nju:'ka:sl,n.,纽卡斯尔(英国港口城市)
identify,ai'dentifai,v.,鉴定，识别
monastery,'mɔnәstri,n.,寺院，修道院
pass,pa:s,n.,关隘
watchdog,'wɔtʃdɔ:g,n.,看门狗
rashly,'ræʃli,a.,莽撞地，冒失地
enclosure,in'klәuʒә,n.,围场，圈地
monk,mʌŋk,n.,"和尚，僧侣,修道士"
privacy,'praivәsi,n.,清静，隐居
skier,'ski:ә,n.,滑雪者
Easter,'i:stә,n.,复活节
fascinate,'fæsineit,v.,迷住，吸引住
affectionate,ә'fekʃnit,a.,充满深情的，柔情的
mysterious,mis'tiәriәs,a.,神秘的，难以理解的
submissive,sʌb'misiv,a.,服从的，顺从的
feline,'fi:lain,a.,猫的
independence,'indi'pendәns,n.,独立，独立性
paratrooper,'pærәtru:pә,n.,伞兵
squirrel,'skwirәl,n.,松鼠
impact,'impækt,n.,冲击力
Southampton,"sauθ'æmptәn,sauθ'hæmptәn",n.,南安普敦(英国港口城市)
colossal,kә'lɔsl,a.,"庞大的,巨大的"
compartment,kәm'pa:tmәnt,n.,(轮船的)密封舱
flood,flʌd,v.,充满水
float,flәut,v.,漂浮，飘浮
tragic,'trædʒik,a.,悲惨的
liner,'lainә,n.,"班船, 大客轮；班机"
voyage,vɔidʒ,n.,航行
iceberg,'aisbә:g,n.,冰山
lookout,'luk'aut,n.,瞭望员
collision,kә'liʒ(ә)n,n.,碰撞
narrowly,'nærouli,ad.,刚刚，勉强地
miss,mis,v.,避开
slight,slait,a.,轻微的
tremble,'trembl,v.,震颤
faint,feint,a.,微弱的
horror,'hɔrә,n.,恐惧
abandon,ә'bændәn,v.,抛弃
plunge,plʌndʒ,v.,投入，跳入；陷入
guilty,'gilti,a.,犯罪的，违法的
tolerant,'tɔlәrәnt,a.,宽容的
declare,di'klєә,v.,申报
professional,prә'feʃәnl,a.,职业的，专业的
smuggler,'smʌglә,n.,走私者
officious,ә'fiʃәs,a.,爱管闲事的
dreadful,'dredful,a.,可怕的，一团糟的
pounce,pauns,v.,猛抓，扑住
perfume,"'pә:fju:m, pә:'fju:m",n.,香水
sarcastically,sa:'kæstikәli,ad.,讽刺地
exempt,ig'zempt,a.,被免除的
duty,'dju:ti,n.,税
gel,dʒel,n.,凝胶，发胶
mixture,'mikstʃә,n.,混合物
unscrew,ʌn'skru:,v.,拧开
nostril,'nɔstril,n.,鼻孔
chalk,tʃɔ:k,n.,粉笔
baggage,'bægidʒ,n.,行李
desert,"'dezәt, di'zә:t",v.,(军队中)开小差
unrealistic,'ʌnriә'listik,a.,不真实的
paradise,'pærәdais,n.,天堂，乐土
wretched,'retʃid,a.,可怜的，艰苦的
starve,sta:v,v.,挨饿
element,'elimәnt,n.,成分
opportunity,'ɔpә'tju:niti,n.,机会
coral,'kɔrәl,n.,珊瑚
Miami,mai'æmi,n.,迈阿密(美国最南的城市)
Caribbean,'kæri'bi:әn,n.,加勒比海
lobster,'lɔbstә,n.,龙虾
tanker,'tæŋkә,n.,油轮
costume,'kɔstju:m,n.,化装服
consist,kәn'sist,v.,由…组成
sheet,ʃi:t,n.,被单
effective,i'fektiv,a.,有明显效果的，有作用的; 生效的
comfortable,'kʌmfәtәbl,a.,舒适的
storeroom,'stɔ:rum,n.,储藏室
electricity,ilek'trisiti,n.,电
ammeter,'æmi:tә,n.,电表
pace,peis,n.,一步
flee,fli:,v.,逃走
slam,slæm,v.,砰地关上
gangster,'gæŋstә,n.,歹徒，强盗
Chicago,ʃi'ka:gәu,n.,芝加哥(美国城市)
protection,prә'tekʃәn,n.,保护
promptly,'prɔmptli,ad.,准时地；迅速的
destroy,dis'trɔi,v.,毁掉；消灭
remarkable,ri'ma:kәbl,a.,不寻常的
band,bænd,n.,帮，团伙
Florence,'flɔrәns,n.,佛罗伦萨(意大利城市)
hire,'haiә,v.,租出，雇佣
prince,'prins,n.,(小附属国的)君主，诸侯；王子
Florentine,'flɔrәntain,n.,佛罗伦萨人
funeral,'fju:nәrәl,n.,葬礼
dedicate,'dedikeit,v.,奉献，题献给
memory,'memәri,n.,纪念
valiant,'væljәnt,a.,英勇的
appreciate,ә'pri:ʃieit,v.,欣赏，感激
rattle,'rætl,v.,格格作响
thrifty,'θrifti,a.,节俭的
nephew,'nevju:,n.,侄子，外甥
bounce,bauns,v.,弹起，跳起
pavement,'peivmәnt,n.,人行道
stick,stik,v.,卡住，夹住，不能再动
brigade,bri'geid,n.,旅，(消防)队
grease,"gri:s, gri:z",n.,润滑油
prize,praiz,a.,珍贵的，宝贵的
tie,tai,v.,拴，系
theft,θeft,n.,偷盗行为，偷盗案
accuse,ә'kju:z,v.,指控
deny,di'nai,v.,否认
ashamed,ә'ʃeimd,a.,感到羞耻，惭愧
apologize,ә'pɔlәdʒaiz,v.,道歉
dye,dai,v.,染
suspension,sәs'penʃәn,n.,悬，吊
agreeable,ә'griәbl,a.,宜人的
situation,'sitju'eiʃәn,n.,地点，地方
locate,lәu'keit,v.,位于
immortal,i'mɔ:tl,a.,永生的，流芳百世的
Brooklyn,'bruklin,n.,布鲁克林
span,spæn,n.,跨度
cable,'keibl,n.,缆索
concrete,'kɔnkri:t,n.,混凝土
suspend,sәs'pend,v.,悬挂
length,leŋθ,n.,根，段; 长度
estimate,"'estimit, 'estimeit",v.,估计
capacity,kә'pæsiti,n.,承受量，容量
immensity,i'mensiti,n.,巨大
elegant,'eligәnt,a.,优美别致的
faintly,'feintli,ad.,微细地
current,'kʌrәnt,n.,"电流,水流,气流"
sculpture,'skʌlptʃә,n.,雕塑
mistaken,mis'teikәn,a.,错误的
gallery,'gælәri,n.,美术馆
exhibit,ig'zibit,n.,展品，陈列品
oddly,'ɔdli,ad.,古怪的
attach,ә'tætʃ,v.,连，系
sphere,sfiә,n.,球体
magnetize,'mægnitaiz,v.,使磁化
repel,ri'pel,v.,排斥
flicker,'flikә,v.,闪烁
emit,i'mit,v.,放射
flash,flæʃ,v.,闪光；闪过
prehistoric,'pri:hi'stɔ:rik,a.,史前的，老掉牙的
electronic,ilek'trɔnik,a.,电子的
peculiar,pi'kju:ljә,a.,奇异的
shock,ʃɔk,v.,令人震惊，刺激人
emotionally,i'mәuʃәnli,ad.,感情上
dear,diә,a.,亲爱的；珍贵的；昂贵的
considerable,kәn'sidәrәbl,a.,相当大的
wealthy,'welθi,a.,富的，有钱的
orderly,'ɔ:dәli,a.,有规律的
disappearance,'disә'piәrәns,n.,失踪
anonymous,ә'nɔnimәs,a.,匿名的
ransom,'rænsәm,n.,赎金
cardboard,'ka:dbɔ:d,n.,硬纸板
withdraw,wið'drɔ:,v.,(从银行)取钱
astound,әs'taund,v.,使吃惊
pioneer,'paiә'niә,n.,先驱
lord,lɔ:d,n.,对(英国)贵族的尊称；勋爵
Calais,'kælei,n.,加来(法国港口城市)
overland,'әuvәlænd,a.,陆上的
boxing,'bɔksiŋ,n.,拳击
boxer,'bɔksә,n.,拳击手
bare,bєә,a.,赤裸的；空荡的
crude,kru:d,a.,粗野的
marquis,'ma:kwis,n.,侯爵
technically,'teknikәli,ad.,严格根据法律意义地
science,'saiәns,n.,科学
popularity,'pɔpju'læriti,n.,名望
adore,ә'dɔ:,v.,崇拜，爱戴；非常喜欢
alike,ә'laik,ad.,一样地
fame,feim,n.,名声
eminent,'eminәnt,a.,著名的，杰出的
bitterly,'bitәli,ad.,厉害地
bet,bet,v.,打赌
academy,ә'kædәmi,n.,专业学校
extravagant,iks'trævigәnt,a.,浪费的，奢侈的
poverty,'pɔvәti,n.,贫困
run,rʌn,v.,(戏剧，电影等)连演，连映
part,pa:t,n.,剧中的角色，台词
falter,'fɔ:ltә,v.,支吾，结巴说
cast,ka:st,v.,选派……扮演角色
role,rәul,n.,角色
aristocrat,'æristәkræt,n.,贵族
imprison,im'prizn,v.,关押
colleague,'kɔli:g,n.,同事
curtain,'kә:tn,n.,(舞台上的)幕布
reveal,ri'vi:l,v.,使显露;泄漏
cell,sel,n.,单人监房，监号
blank,blæŋk,a.,空白的
squint,skwint,v.,眯着(眼)看，瞄
dim,dim,a.,昏暗的
sire,'saiә,n.,(古用法)陛下
proceed,prә'si:d,v.,继续进行
poison,'pɔizn,n.,毒药
illogical,i'lɔdʒikәl,a.,不合逻辑的，无章法的
octopus,'ɔktәpәs,n.,章鱼
delicacy,'delikәsi,n.,美味，佳肴
repulsive,ri'pʌlsiv,a.,令人反感的，令人生厌的
stomach,'stʌmәk,n.,胃
turn,tә:n,v.,感到恶心，反胃
fry,frai,v.,油炸
fat,fæt,n.,(动物、植物)油
snail,sneil,n.,蜗牛
luxury,'lʌkʃәri,n.,奢侈品，珍品
associate,ә'sәuʃieit,v.,联想到
despise,dis'paiz,v.,鄙视
appeal,ә'pi:l,v.,引起兴致
stroll,strәul,n.,溜达，散步
impulse,'impʌls,n.,冲动
dozen,'dʌzn,n.,12个，一打
fancy,'fænsi,v.,喜爱，喜欢
skeleton,'skelitәn,n.,骷髅
Respectable,ris'pektәbl,a.,体面的，雅观的
conceal,kәn'si:l,v.,隐藏，隐瞒
vivid,'vivid,a.,生动的
dramatic,drә'mætik,a.,令人激动的，扣人心弦的
ruin,'ruin,v.,毁坏
heroine,'herәuin,n.,女主人公
fiction,'fikʃәn,n.,小说
medicine,'medisin,n.,医学
unpack,'ʌn'pæk,vt.,(从箱中)取出
stack,stæk,v.,(整齐地)堆放，排放；n.堆
underclothes,'ʌndәklәuðz,n.,内衣
drawer,drɔ:,n.,抽屉
petrify,'petrifai,v.,使惊呆
dangle,'dæŋgl,v.,悬挂
sway,swei,v.,摇摆
unsympathetic,'ʌn'simpә'θetik,a.,不表同情的，无动于衷的
medical,'medikәl,a.,医学的
impressive,im'presiv,a.,给人深刻印象的
steamship,'sti:mʃip,n.,蒸汽轮船
vessel,'vesl,n.,轮船，大木船
era,'iәrә,n.,时期，时代
Java,'dʒɔvә,n.,爪哇(印度尼西亚一岛)
rudder,'rudә,n.,舵
roll,rәul,v.,颠簸，摇摆
steer,stiә,v.,掌握方向
temporary,'tempәrәri,a.,临时的
plank,plæŋk,n.,大块木板
fit,fit,v.,安装
Equator,i'kweitә,n.,赤道
delay,di'lei,v.,] n.耽误
influence,'influәns,v.,影响
pride,praid,v.,骄傲
taste,teist,n.,鉴赏力;品尝
exert,ig'zә:t,v.,施加
subtle,'sʌbtl,a.,微妙的，难以捉摸的
advertiser,'ædvәtaizә,n.,做广告的人
classify,'klæsifai,v.,分类
magic,'mædʒik,a.,有奇妙作用的
sample,'sa:mpl,n.,样品
devise,di'vaiz,v.,设计，想出
capture,'kæptʃә,v.,吸引，赢得
manufacturer,'mænju'fæktʃәrә,n.,生产厂家，制造商
wheelbarrow,'wi:l'bærәu,n.,独轮手推车
boot,bu:t,n.,(汽车尾部的)行李箱
ingredient,in'gri:djәnt,n.,配料
crane,krein,n.,起重机
anticipate,æn'tisipeit,v.,预期，预料
philosopher,fi'lɔsәfә,n.,哲学家
wisdom,'wizdәm,n.,智慧
priest,pri:st,n.,牧师
spiritual,'spiritjuәl,a.,精神上的
grudge,grʌdʒ,v.,不愿给，舍不得给
surgeon,'sә:dʒәn,n.,外科大夫
dignity,'digniti,n.,尊严
deliberately,di'libәritli,ad.,故意地
consequence,'kɔnsikwәns,n.,后果，结果
afflict,ә'flikt,v.,使苦恼，折磨
ease,i:z,n.,容易
nature,'neitʃә,n.,大自然
contempt,kәn'tempt,n.,蔑视
envious,'enviәs,a.,嫉妒的
anchor,'æŋkә,v.,?较旅籲. 锚
deck,dek,n.,甲板
silverware,'silvәwєә,n.,银器
tempt,tempt,v.,吸引；引诱
bargain,'ba:gin,v.,讨价还价; n.便宜货
disembark,'disim'ba:k,v.,下船上岸
assail,ә'seil,v.,纠缠
marble,'ma:bl,n.,小玻璃球
inscribe,in'skraib,v.,刻写，雕
favour,'feivә,n.,好处，优惠
gesticulate,dʒes'tikjuleit,v.,(讲话时)打手势
outrageous,aut'reidʒәs,a.,出人预料的；令人不悦的
thrust,θrʌst,v.,硬塞给；强行挤进
largely,'la:dʒli,ad.,在很大程度上
comic,'kɔmik,a.,喜剧的，可笑的
universal,'ju:ni'vә:sәl,a.,普遍的
comedian,kә'mi:djәn,n.,滑稽演员，喜剧演员
distasteful,dis'teistful,a.,讨厌的
pester,'pestә,v.,一再要求，纠缠
dread,dred,v.,惧怕
recovery,ri'kʌvәri,n.,康复
plaster,'pla:stә,n.,熟石膏
console,kәn'sәul,v.,安慰，慰问
hobble,'hɔbl,v.,瘸着腿走
compensate,'kɔmpenseit,v.,补偿
mumble,'mʌmbl,v.,喃喃而语
labourer,'leibәrә,n.,劳动者(也做laborer)
overnight,'әuvәnait,ad.,一夜期间
hay,hei,n.,干草
corn,kɔ:n,n.,谷物
moonlight,'mu:nlait,n.,月光
conscientious,'kɔnʃi'enʃәs,a.,认真的
suspect,"sәs'pekt, 'sʌspekt",v.,怀疑
desert,"'dezәt, di'zә:t",v.,(军队中)开小差
regiment,'redʒimәnt,n.,(军队)团
action,'ækʃәn,n.,战斗
recluse,ri'klu:s,n.,隐士
lovable,'lʌvәbl,a.,可爱的
eccentric,ik'sentrik,n.,(行为)古怪的人
disregard,'disri'ga:d,v.,不顾，无视
convention,kәn'venʃәn,n.,习俗，风俗
conscious,'kɔnʃәs,a.,感觉（意识）到的
invariably,in'vєәriәbli,ad.,总是，经常地
routine,ru:'ti:n,n.,常规；惯例; a.常规的
shrewd,ʃru:d,a.,精明的
eccentricity,'eksen'trisiti,n.,怪癖
legendary,'ledʒәndәri,a.,传奇般的
snob,snɔb,n.,势利小人，谄上欺下的人
bedraggled,bi'drægld,a.,拖泥带水的；又脏又湿的
dump,dʌmp,v.,把……砰的一声抛下
apologetic,әpɔlә'dʒetik,a.,道歉的
reprimand,'reprima:nd,v.,训斥
stage,steidʒ,v.,暗中策划
elaborate,i'læbәrit,a.,精心构思的；精致的
salvage,'sælvidʒ,v.n.,救助，营救，打捞;
Barents,'bærәnts,n.,巴伦支(海)
sunken,'sʌŋkәn,a.,沉没的
cargo,'ka:gәu,n.,货物
bullion,'buljәn,n.,金条；银条
scour,'skauә,v.,彻底搜索
chest,tʃest,n.,大箱子
belongings,bi'lɔŋiŋz,n.,(复数)所有物
item,'aitәm,n.,物件
cruiser,'kru:zә,n.,巡洋舰
find,faind,n.,找到的物品
piece,pi:s,v.,拼成整体
convoy,'kɔnvɔi,v.n.,护航
torpedo,tɔ:'pi:dәu,v.,用鱼雷攻击
submarine,'sʌbmәri:n,n.,潜水艇
naval,'neivәl,a.,海军的
ministry,'ministri,n.,(政府的)部
prelude,'prelju:d,n.,序幕，前奏
unforeseen,'ʌnfɔ:'si:n,a.,意料之外的
series,'siәri:z,n.,系列
catastrophe,kә'tæstrәfi,n.,大祸，灾难
crockery,'krɔkәri,n.,陶器，瓦器
suburb,'sʌbә:b,n.,郊区
collide,kә'laid,v.,猛撞
learner,'lә:nә,n.,初学者
panic,'pænik,n.,惊慌，恐慌
alongside,ә'lɔŋ'said,prep.,在……的旁边，与……并排
slide,slaid,v.,滑；回避
stray,strei,a.,迷失的，离群的；v.迷路，偏离
confusion,kәn'fju:ʒәn,n.,混乱
greedily,'gri:dili,ad.,贪婪地
devour,di'vauә,v.,狼吞虎咽地吃
antique,æn'ti:k,n.,古董，古玩
fascination,'fæsi'neiʃәn,n.,魅力，迷惑力
forbidding,fә'bidiŋ,a.,望而生畏的，望而却步的
muster,'mʌstә,v.,鼓起
pretentious,pri'tenʃәs,a.,自命不凡的，矫饰的
labyrinth,'læbәrinθ,n.,迷宫
musty,'mʌsti,a.,陈腐的，发霉的
rarity,'rєәriti,n.,稀世珍品
assorted,ә'sɔ:tid,a.,各式各样的
junk,dʒʌŋk,n.,破烂货，废品
carve,ka:v,v.,镌刻
dagger,'dægә,n.,短剑，匕首
litter,'litә,v.,杂乱地布满；n.垃圾
dedicated,'dedikeitid,a.,专心致志的；全身心投入的
dealer,'di:lә,v.,商人
cherish,'tʃeriʃ,v.,期望，渴望；珍爱
amply,'æmpli,ad.,足够地
masterpiece,'ma:stәpi:s,n.,杰作
mere,miә,a.,仅仅的
prize,praiz,a.,珍贵的，宝贵的
miniature,'minjәtʃә,a.,小巧的，小型的
composition,'kɔmpә'ziʃәn,n.,构图
justice,'dʒʌstis,n.,正义，公正；司法
court,kɔ:t,n.,法院
law,lɔ:,n.,法律
innocence,'inәsns,n.,无辜
undertake,'ʌndә'teik,v.,承担，着手做
arduous,'a:djuәs,a.,艰苦的，艰难的
abstract,'æbstrækt,a.,抽象的
concept,'kɔnsept,n.,概念，观念
interference,'intә'fiәrәns,n.,干涉
accord,ә'kɔ:d,v.,[n.一致
convert,"kәn'vә:t, 'kɔnvә:t",v.,转变，改变
disused,'dis'ju:zd,a.,不再用的，废弃的
fireplace,'faiәpleis,n.,壁炉
muffle,'mʌfl,v.,捂住，压抑
chip,tʃip,v.,砍，削，凿；碎裂
blacken,'blækәn,v.,使变黑
emerge,i'mә:dʒ,v.,(从某处)出现
credulous,'kredjulәs,a.,轻信的
improbable,im'prɔbәbl,a.,不大可能的
obscure,әb'skjuә,a.,不起眼的；v.遮掩，模糊
maidservant,'meidsә:vәnt,n.,女仆，女佣
presume,pri'zju:m,v.,假定
plot,plɔt,v.,密谋
downfall,'daunfɔ:l,n.,倒台，垮台
unacceptable,'ʌnәk'septәbl,a.,不能接受的
conspire,kәn'spaiә,v.,(事件)巧合促成
incredible,in'kredәbl,a.,难以置信的
resemblance,ri'zemblәns,n.,相似
scorn,skɔ:n,n.,嘲弄，挖苦
acquaint,ә'kweint,v.,使了解
reunite,'ri:ju:'nait,v.,使团聚
assume,ә'sju:m,v.,假定，认为
express,iks'pres,n.,快车 a.高速的
punctual,'pʌŋktjuәl,a.,准时的
condition,kәn'diʃәn,v.,使习惯于
unshakable,ʌn'ʃeikәbl,a.,不可动摇的
faith,feiθ,n.,信任
cancel,'kænsәl,v.,取消
dislocate,'dislәkeit,v.,打乱(计划等)
blame,bleim,v.,责怪
consult,kәn'sʌlt,v.,请教，查阅
direct,di'rekt,ad.,径直地
odd,ɔd,a.,奇怪的，异常的
reflect,ri'flekt,v.,细想
advantage,әd'va:ntidʒ,n.,优势
mighty,'maiti,a.,强大的，有力的
dawdle,'dɔ:dl,v.,慢吞吞地动或做
chug,tʃʌg,v.,咔嚓咔嚓地响
lodge,lɔdʒ,v.,提出；n.小屋，(旅游区的)小旅馆
complaint,kәm'pleint,n.,抱怨
triumph,'traiәmf,n.,胜利; v.战胜
asterisk,'æstәrisk,n.,星号
conduct,"'kɔndәkt, kәn'dʌkt",v.,引向，引导
calendar,'kælindә,n.,历法，日历
historian,his'tɔ:riәn,n.,历史学家
unique,ju:'ni:k,a.,无与伦比的；独特的
steadily,'stedili,ad.,不断地
solely,'sәuli,ad.,唯一地
video,'vidiәu,n.,录像
bewilder,bi'wildә,v.,令人眼花缭乱
deduce,di'dju:s,v.,推断，推理
scanty,'skænti,a.,不足的，贫乏的
mammoth,'mæmәθ,n.,(古生物)长毛象
tusk,tʌsk,n.,獠牙，长牙，象牙
nomad,'nɔmәd,n.,游牧民
correlate,'kɔrileit,v.,使相互联系
clue,klu:,n.,线索
insignificant,'insig'nifikәnt,a.,不重要的
shed,ʃed,v.,使流出，泻
advent,'ædvәnt,n.,出现，到来，来临
agriculture,'ægrikʌltʃә,n.,农业
assumption,ә'sʌmpʃәn,n.,假定，设想
dot,dɔt,n.,小圆点
symbol,'simbәl,n.,符号
engrave,in'greiv,v.,雕刻
ivory,'aivәri,n.,象牙制品
phase,feiz,n.,月相，天相
primitive,'primitiv,a.,原始的
depict,di'pikt,v.,描画，描绘
rough,rʌf,a.,崎岖不平的
boulder,'bәuldә,n.,大石块
pit,pit,v.,使得坑坑洼洼
perturb,pә'tә:b,v.,使不安
underestimate,'ʌndәr'estimeit,v.,低估
swerve,swә:v,v.,急转弯
scoop,sku:p,v.,挖出
hammer,'hæmә,v.,(用锤)击打，锤打
rip,rip,v.,划破，撕，扯
zigzag,'zigzæg,n.,"""之""字形"
shallow,'ʃælәu,a.,浅的
grind,graind,v.,磨擦，磨
petrol,'petrәl,n.,汽油
stretch,stretʃ,n.,一大片(平地或水)
obstacle,'ɔbstәkl,n.,障碍
clump,klʌmp,n.,丛，簇
fissure,'fiʃә,n.,(石，地的)深缝
renew,ri'nju:,v.,重复；更新
pleading,'pli:diŋ,n.,恳求
gear,giә,n.,(汽车)排档
astride,ә'straid,prep.,骑，跨
crack,kræk,n.,缝隙
halt,hɔ:lt,n.,停
dashboard,'dæʃbɔ:d,n.,(汽车上的)仪表盘
hoax,hәuks,n.,骗局，戏弄
deception,di'sepʃәn,n.,欺骗，骗局
indulge,in'dʌldʒ,v.,使沉迷；享受
pneumatic,nju:'mætik,a.,气动的
drill,dril,n.,钻
silly,'sili,a.,无意义的，无聊的
advance,әd'va:ns,a.,预先的，事先获得的
archway,'a:tʃwei,n.,拱形门楼
remonstrate,ri'mɔnstreit,v.,规劝，告诫
ironically,ai'rɔnikәli,ad.,讽刺地
permission,pә(:)'miʃәn,n.,许可
grant,gra:nt,v.,同意，准予
illusion,i'lju:ʒәn,n.,幻想，错觉
pastoral,'pa:stәrәl,a.,田园的
breed,bri:d,v.,培育
rapture,'ræptʃә,n.,欣喜
extol,iks'tɔl,v.,赞美，颂扬
superior,sju:'piәriә,a.,优越的
twitter,'twitә,v.,(鸟)吱吱叫，嘁嘁喳喳叫
glint,glint,v.,闪烁
pasture,'pa:stʃә,n.,牧场
idyllic,ai'dilik,a.,田园诗的
virtually,'vә:tjuәli,ad.,几乎，差不多
dubious,'dju:bjәs,a.,可疑的，怀疑的
privilege,'privilidʒ,n.,好处，特权
misery,'mizәri,n.,苦难
acquaintance,ә'kweintәns,n.,熟人
treat,tri:t,n.,难得的乐事，享受
dweller,'dwelә,n.,居住者
stagger,'stægә,v.,摇晃，蹒跚
exotic,ig'zɔutik,a.,异乎寻常的，外来的
glow,glәu,n.,白炽光
descend,di'send,v.,下落，降临
tuck,tʌk,v.,缩进，隐藏
solitude,'sɔlitju:d,n.,孤独，寂寞
lure,ljuә,v.,引诱，诱惑
rambler,'ræmblә,n.,漫步者，散步者
undertaking,'ʌndә'teikiŋ,n.,任务，工作
foresight,'fɔ:sait,n.,预见；深谋远虑
foretell,fɔ:'tel,v.,预言
Grenoble,grә'noubl,n.,格里诺布尔
chasm,tʃæzәm,n.,断层，裂口，陷坑
flaw,flɔ:,n.,小裂缝；缺点，瑕疵
distinguished,dis'tiŋgwiʃt,a.,杰出的，著名的
Everest,'evәrist,n.,珠穆朗玛峰
wade,weid,v.,涉水
waterfall,'wɔ:tәfɔ:l,n.,瀑布
gear,giә,n.,(汽车)排档
inflatable,in'fleitәbl,a.,可充气的
rubble,'rʌbl,n.,碎瓦，瓦块
insistent,in'sistәnt,a.,连续的，不断的
boom,bu:m,v.,轰响
waterspout,'wɔtәspaut,n.,强大的水柱
cleft,kleft,n.,裂隙，开口
cavern,'kævәn,n.,大洞穴
stalagmite,'stælәgmait,n.,石笋
stalactite,'stælәktait,n.,钟乳石
limestone,'laimstәun,n.,石灰石
glisten,'glisn,v.,闪烁
eerie,'iәri,a.,引起恐惧的，可怕的
dome,dәum,n.,穹窿，圆顶
insure,in'ʃuә,v.,投保
fete,feit,n.,游园会
admittedly,әd'mitidli,ad.,公认的
purchase,'pә:tʃәs,v.,买
annual,'ænjuәl,a.,一年一度的
capsize,kæp'saiz,v.,(船)翻
shiver,'ʃivә,v.,打颤，发抖
dive,daiv,v.,(头向下)跳水
haul,hɔ:l,v.,拖曳
hawser,'hɔ:zә,n.,粗缆绳
rim,rim,n.,(圆形物品的)外沿，边
winch,wintʃ,n.,绞车(带有绞盘的车)
premium,'pri:mjәm,n.,保险费
recover,ri'kʌvә,v.,使……得到补偿，弥补
agonizing,'ægәnaiziŋ,a.,精神紧张的，提心吊胆的
perch,pә:tʃ,v.,处于(高处)
overbalance,'әuvә'bælәns,v.,失去平衡
clamp,klæmp,n.,夹钳，夹板
vertically,'vә:tikәli,ad.,垂直地
torrent,'tɔrәnt,n.,激流，洪流
rebound,ri'baund,v.,弹回
compartment,kәm'pa:tmәnt,n.,(轮船的)密封舱
cramped,kræmpt,a.,窄小的
stuffy,'stʌfi,a.,憋气的，闷气的
monotonous,mә'nɔtәnәs,a.,枯燥的，乏味的，单调的
rhythm,'riðәm,n.,有节奏的运动
click,klik,v.,发出咔哒声
lull,lʌl,v.,催人欲睡
snatch,snætʃ,n.,短时，片段
fumble,'fʌmbl,v.,乱摸，摸索
inspection,in'spekʃәn,n.,检查
inevitably,in'evitәbli,ad.,必然地，不可避免地
destination,'desti'neiʃәn,n.,目的地
exhaust,ig'zɔ:st,v.,使精疲力尽
motorway,'mәutәwei,n.,快车道
ferry,'feri,n.,渡船
cruise,kru:z,n.,巡游船
civilize,'sivilaiz,v.,使文明
spacious,'speiʃәs,a.,宽敞的
intimidate,in'timideit,v.,恐吓，恫吓
disadvantage,'disәd'va:ntidʒ,n.,短处，缺点
exhilaration,igzilә'reiʃәn,a.,使人高兴的，令人兴奋的
escapist,is'keipist,n.,逍遥者，逃避现实者
sip,sip,v.,呷，啜
champagne,ʃæm'pein,n.,香槟酒
refinement,ri'fainmәnt,n.,精心的安排
soar,sɔ:,v.,高飞，翱翔
landscape,'lændskeip,n.,景色
fresh,freʃ,a.,精神饱满的
democratic,'demә'krætik,a.,民主的
restrict,ris'trikt,v.,限制
abuse,"ә'bju:z, ә'bju:s",n.,辱骂，责骂
contention,kәn'tenʃәn,n.,论点
quintuplet,'kwintjuplit,n.,五胞胎之一
obscurity,әb'skjuәriti,n.,默默无闻
radically,'rædikәli,ad.,彻底地，完全地
exclusive,iks'klu:siv,a.,独占的，独家的
untold,'ʌn'tould,a.,数不尽地，无限的
perpetual,pә'petʃuәl,a.,永久的
nursery,'nә:sәri,n.,育婴室，保育室
commercialization,kә'mә:ʃәlai'zeiʃn,n.,商品化
commodity,kә'mɔditi,n.,商品
plead,pli:d,v.,找(借口)，辩解
ignorance,'ignәrәns,n.,无知，不懂
publication,'pʌbli'keiʃәn,n.,出版物，出版
gaily,'geili,ad.,愉快地，高兴地
leisure,'leʒә,n.,空闲
keen,ki:n,a.,热心的，渴望的
advisory,әd'vaizәri,a.,咨询的
novice,'nɔvis,n.,新手
consumer,kәn'sju:mә,n.,消费者，顾客
assemble,ә'sembl,v.,装配，组装
outlet,'aut-let,n.,出路，出口
creative,kri(:)'eitiv,a.,创造性的
handyman,'hændimæn,n.,手巧的人，能工巧匠
resourceful,ri'sɔ:sful,a.,足智多谋的
fuse,fju:z,v.,由于烧断保险丝而短路
rickety,'rikiti,a.,要散架的，晃动的
clog,klɔg,v.,堵塞
delusion,di'lu:ʒәn,n.,错觉
adjustment,ә'dʒʌstmәnt,n.,调整
screw,skru:,n.,螺丝钉
dismantle,dis'mæntl,v.,拆卸
chunk,tʃʌŋk,n.,(厚)块
snap,snæp,v.,绷断
insurmountable,'insә'mauntәbl,a.,不能克服的，难以对付的
jigsaw,'dʒigsɔ:,n.,线锯
nag,næg,v.,唠叨不休
rust,rʌst,v.,生锈
pollution,pә'lu:ʃәn,n.,污染
sheer,ʃiә,a.,纯粹的，不掺杂的
worldwide,'wә:ldwaid,ad.,在全世界
overwhelm,'әuvә'hwelm,v.,制服，使不知所措
pollute,pә'lju:t,v.,污染
pesticide,'pestisaid,n.,杀虫剂
fertilizer,'fә:tilaizә,n.,肥料
salmonella,sælmә'nelә,n.,沙门氏菌
vegetarian,vedʒә'tєәriәn,n.,吃素的人
insidious,in'sidiәs,a.,暗中为害的
urban,'ә:bәn,a.,城市的
burglar,'bә:glә,n.,窃贼
burgle,'bә:gl,v.,入室偷窃
scream,skri:m,v.,尖叫
profound,prә'faund,a.,极度的
irritation,'iri'teiʃәn,n.,烦躁
whine,wain,v.,发呜呜声
helicopter,'helikɔptә,n.,直升飞机
maximum,'mæksimәm,a.,最大的
technology,tek'nɔlәdʒi,n.,技术
contribution,'kɔntri'bju:ʃәn,n.,贡献
mobile,'mәubail,a.,可移动的
snore,snɔ:,v.,打鼾
offender,ә'fendә,n.,冒犯者
staggering,'stægәriŋ,a.,令人惊愕的
trumpet,'trʌmpit,v.,吹号
partner,'pa:tnә,n.,伙伴
inaccessible,inæk'sesәbl,a.,难接近的，达不到的
hospitable,'hɔspitәbl,a.,好客的
hostile,'hɔstail,a.,不友好的，有敌意的
vicinity,vi'siniti,n.,"周围,附近"
architectural,'a:ki'tektʃәrәl,a.,建筑的
fresco,'freskәu,n.,壁画
abruptly,ә'brʌptli,ad.,突然地，意外地
tramp,træmp,v.,徒步行进
moor,muә,v.,(用绳、链、锚)系(船)
ferry,'feri,n.,渡船
straggle,strægl,v.,蔓延，散乱分布
dilapidated,di'læpideitid,a.,陈旧破烂的，倒塌的
sardine,sa:'di:n,n.,沙丁鱼，沙丁鱼罐头
rag,ræg,n.,破烂衣服
motionless,'mәuʃәnlis,a.,不动的
procession,prә'seʃәn,n.,行列，成队的人群
shawl,ʃɔ:l,n.,披巾，围巾
peer,piә,v.,凝视，盯着
quicken,'kwikәn,v.,加快
rambling,'ræmbliŋ,a.,杂乱无章的
lavishly,'læviʃli,ad.,慷慨地，大方地
immaculate,i'mækjuleit,a.,清洁的，无污点的
parquet,pɑ:'kei,n.,镶木地板
gleam,gli:m,v.,发亮，闪光
preside,pri'zaid,v.,指挥
invisible,in'vizәbl,a.,看不见的，无形的
scrub,skrʌb,v.,擦拭，刷洗
enlightened,in'laitnd,a.,开明的，教化的
unrelenting,'ʌnri'lentiŋ,a.,不屈不挠的，不松懈的
disillusion,disi'lu:ʒәn,v.,使幻想破灭
qualification,'kwɔlifi'keiʃәn,n.,资格，能力
mirth,mә:θ,n.,欢笑，高兴
stack,stæk,v.,(整齐地)堆放，排放；n.堆
cellar,'selә,n.,地窖
resolution,'rezә'lju:ʃәn,n.,决心
mentally,'mentli,ad.,内心里
compile,kәm'pail,v.,编辑，编制
formidable,'fɔ:midәbl,a.,令人畏惧的
recur,ri'kә:,v.,再发生，又出现
regularity,'regju'læriti,n.,规律性
accomplishment,ә'kɔmpliʃmәnt,n.,成就
attainment,ә'teinmәnt,n.,达到；成就，造诣
inveterate,in'vetәrit,a.,根深蒂固的
scheme,ski:m,n.,简单的计划，方案
ambitious,æm'biʃәs,a.,雄心勃勃的
pitfall,'pitfɔ:l,n.,意外的困难，易犯的错误
modest,'mɔdist,a.,"要求不过分的,谦虚的"
frame,freim,n.,躯体
betray,bi'trei,v.,暴露，显露
troop,tru:p,v.,成群结队地走动
unsettle,ʌn'setl,v.,使不安
taunt,tɔ:nt,n.v.,嘲笑，奚落人的话
jibe,dʒaib,n.,嘲弄，挖苦
wane,wein,v.,逐渐变小，变弱
diminish,di'miniʃ,v.,减少，缩小
hypnotize,'hipnәtaiz,v.,使欲睡，使朦胧
undoing,ʌn'du:iŋ,n.,祸根，毁灭的原因
screen,skri:n,n.,电视机屏幕
technician,tek'niʃәn,n.,技师
software,'sɔftwєә,n.,软件
alternative,ɔ:l'tә:nәtiv,a.,选择的
diagnose,'daiәgnәuz,v.,诊断
relieve,ri'li:v,v.,减轻
accountant,ә'kauntәnt,n.,会计
repetitive,ri'petitiv,a.,重复的
clerical,'klerikәl,a.,办公室工作的
network,'netwә:k,n.,网络
permanent,'pә:mәnәnt,a.,永久的
tint,tint,v.,给染色
delicate,'delikit,a.,淡色的
shade,ʃeid,n.,色度
observant,әb'zә:vnt,a.,观察力敏锐的
dispel,dis'pel,v.,驱散，消除
outlandish,aut'lændiʃ,a.,稀奇古怪的
acquisition,'ækwi'ziʃәn,n.,获得
cosmetic,kɔz'metik,n.,化妆品
outrageous,aut'reidʒәs,a.,出人预料的；令人不悦的
fanciful,'fænsiful,a.,想象出来的
insoluble,in'sɔljubl,a.,不可溶解的
prompt,prɔmpt,v.,敦促，激励
exclusive,iks'klu:siv,a.,独占的，独家的
syllable,'silәbl,n.,音节
bewilderment,bi'wildәmәnt,n.,迷惑，糊涂
freckle,'frekl,n.,雀斑
evidently,'evidәntli,ad.,显然地，明显地
weird,wiәd,a.,奇异的，古怪的
concoction,kәn'kɔkʃәn,n.,调制品
intoxicate,in'tɔksikeit,v.,陶醉，得意忘形
blank,blæŋk,a.,空白的
discreetly,dis'kri:tli,ad.,谨慎地
clutch,klʌtʃ,v.,抓住
adorn,ә'dɔ:n,v.,装饰，打扮
evolve,i'vɔlv,v.,逐渐形成
incompetent,in'kɔmpitәnt,a.,不够格的，不称职的
safeguard,'seifga:d,v.,保护
parliamentary,'pa:lә'mentәri,a.,国会的
qualified,'kwɔlifaid,a.,合格的
grievance,'gri:vәns,n.,不平，冤屈
ombudsman,'ɔmbәdzmæn,n.,(瑞典和英国的)司法特派员
secretive,si'kri:tiv,a.,保密的
correspondence,'kɔris'pɔndәns,n.,来往信件
alter,'ɔ:ltә,v.,改变
accusation,'ækju(:)'zeiʃәn,n.,谴责，指控
ascertain,'æsә'tein,v.,查出，查明
prejudiced,'predʒәdist,a.,有偏见的，不公平的
prompt,prɔmpt,v.,敦促，激励
insect,'insekt,n.,昆虫
wage,weidʒ,v.,进行(斗争)
contaminate,kәn'tæmineit,v.,弄脏
provocation,'prɔvә'keiʃәn,n.,惹怒
spider,'spaidә,n.,蜘蛛
wasp,wɔsp,n.,黄蜂
moth,mɔθ,n.,飞蛾
ant,ænt,n.,蚂蚁
revulsion,ri'vʌlʃәn,n.,厌恶
horde,hɔ:d,n.,群
uncanny,ʌn'kæni,a.,神秘的，不可思议的
erase,i'reiz,v.,擦，抹去
beetle,'bi:tl,n.,甲虫
luscious,'lʌʃәs,a.,甘美的
cluster,'klʌstә,n.,一簇，一群
aphid,'eifid,n.,蚜虫
underside,'ʌndәsaid,n.,底面，下侧
colony,'kɔlәni,n.,一群
sticky,'stiki,a.,粘的
scurry,'skʌri,v.,小步跑
swarm,swɔ:m,v.,聚集
ingenuity,'indʒi'nju(:)iti,n.,机灵
astronomy,әs'trɔnәmi,n.,天文学
relative,'relәtiv,a.,相对的
infinitely,'infinitli,ad.,无限地，无穷地
solar,'sәulә,a.,太阳系的
Venus,'vi:nәs,n.,金星
Mars,ma:z,n.,火星
orbit,'ɔ:bit,n.,运行轨道
astronomical,'æstrә'nɔmikәl,a.,天文学的
generate,'dʒenәreit,v.,产生
particle,'pa:tikl,n.,微粒，粒子
Jupiter,'dʒu:pitә,n.,木星
blot,blɔt,v.,遮暗
analyse,'ænәlaiz,v.,分析
bacteria,bæk'tiәriә,n.,细菌
oxygen,'ɔksidʒәn,n.,氧气
realm,'relm,n.,领域
boundary,'baundәri,n.,界线；边界
pump,pʌmp,v.,用泵抽
overtake,'әuvә'teik,v.,(坏天气、麻烦等)突然降临
backwater,'bæk'wɔ:tә,n.,回水河汊
predecessor,'pri:disesә,n.,前任
meadow,'medәu,n.,草地，草场
crown,kraun,v.,给…戴花环
holly,'hɔli,n.,一种冬青植物
wreath,ri:θ,n.,花环
occurrence,ә'kʌrәns,n.,偶发事件
proportion,prә'pɔ:ʃәn,n.,部分
site,sait,v.,使位于
spell,spel,v.,招致，带来
stall,stɔ:l,n.,牲口棚
attic,'ætik,n.,顶楼
sweeping,'swi:piŋ,a.,范围广大的
critical,'kritikәl,a.,危急的
juncture,'dʒʌŋktʃә,n.,时刻，关头
raft,ra:ft,n.,木筏
unduly,ʌn'dju:li,ad.,过度地
stoutly,'stautli,ad.,牢固地，粗壮的
submerge,sʌb'mә:dʒ,v.,浸没
grapple,'græpl,v.,抓住
alien,'eiljәn,a.,异国的，外国的
emigrate,'emigreit,v.,移居(国外)
absorb,әb'sɔ:b,v.,全神贯注于
mortally,-tәli,ad.,致命地
comprehensive,'kɔmpri'hensiv,a.,广泛的；丰富的
milestone,'mailstәun,n.,里程碑
territory,'teritәri,n.,领地；地区
milometer,mai'lɔmitә,n.,计程表
spire,'spaiә,n.,(教堂的)塔尖
retrace,ri'treis,v.,返回，重走
stumble,'stʌmbl,v.,趔趄地走
horizon,hә'raizn,n.,地平线
reservoir,'rezәvwa:,n.,水库
lurk,lә:k,v.,潜藏
hinder,"'hindә, 'haindә",v.,妨碍
fingerprint,'fiŋgәprint,n.,指纹
chaos,'keiɔs,n.,混乱，无秩序
inconceivable,'inkәn'si:vәbl,a.,不可思议的
veritable,'veritәbl,a.,真正的，地地道道的
magpie,'mægpai,n.,喜欢收藏物品的人
toss,tɔs,v.,扔
discard,dis'ka:d,v.,丢弃
constable,'kʌnstәbl,n.,警察
ransack,'rænsæk,v.,洗劫
balcony,'bælkәni,n.,阳台
fussy,'fʌsi,a.,大惊小怪的，小题大做的
amass,ә'mæs,v.,积聚，收集
indiscriminate,'indis'kriminit,a.,不加选择的
clutter,'klʌtә [ n.,v.,一堆杂物;乱糟糟地堆满
string,striŋ,n.,"细线, 细绳"
requisite,'rekwizit,n.,必需品
mania,'meinjә,n.,"癖好,狂热"
sketch,sketʃ,n.,草图，图样
remote,ri'mәut,a.,(机会，可能性)极少的，小的
relaxation,ri:læk'seiʃәn,n.,休息，娱乐
verify,'verifai,v.,查证，核实
bearing,'bєәriŋ,n.,关系，联系
specimen,'spesimin,n.,标本
contented,kәn'tentid,a.,心满意足的
boredom,'bɔ:dәm,n.,烦恼，无聊
punctuality,'pʌŋktju'æliti,n.,准时
rural,'ruәrәl,ad.,农村的
disregard,'disri'ga:d,v.,不顾，无视
intellectual,'inti'lektjuәl,n.,知识分子
abstruse,æb'stru:s,a.,深奥的
coordinate,kәu'ɔdinit,v.,协调
reproach,ri'prәutʃ,v.,责备
puncture,'pʌŋktʃә,v.,刺破(轮胎)
diversion,dai'vә:ʃәn,n.,改道，绕道
trial,'traiәl,n.,讨厌的事、人
fraction,'frækʃәn,n.,很小一点儿
flourish,'flʌriʃ,n.,挥舞(打手势)
microscopic,'maikrә'skɔpik,a.,微小的
adamant,'ædәmәnt,a.,坚定的，不动摇的
